가락IC	fnSelectNode('N104I020','가락IC','1');
가산IC	fnSelectNode('N055I070','가산IC','1');
가조IC	fnSelectNode('N012I110','가조IC','1');
가좌IC	fnSelectNode('N120I020','가좌IC','1');
감곡IC	fnSelectNode('N045I240','감곡IC','1');
강릉IC	fnSelectNode('N065I040','강릉IC','1');
강진무위사IC	fnSelectNode('N10AI020','강진무위사IC','1');
강촌IC	fnSelectNode('N060I050','강촌IC','1');
거창IC	fnSelectNode('N012I100','거창IC','1');
건천IC	fnSelectNode('N001I090','건천IC','1');
경산IC	fnSelectNode('N001I110','경산IC','1');
경주IC	fnSelectNode('N001I080','경주IC','1');
계룡IC	fnSelectNode('N251I020','계룡IC','1');
계양IC	fnSelectNode('N100I050','계양IC','1');
고덕IC	fnSelectNode('N030I020','고덕IC','1');
고등IC	fnSelectNode('N171I090','고등IC','1');
고령IC	fnSelectNode('N012I130','고령IC','1');
고성IC	fnSelectNode('N351I030','고성IC','1');
고양IC	fnSelectNode('N100I370','고양IC','1');
고창IC	fnSelectNode('N015I080','고창IC','1');
고흥IC	fnSelectNode('N10AI060','고흥IC','1');
곡성IC	fnSelectNode('N025I050','곡성IC','1');
곤양IC	fnSelectNode('N010I070','곤양IC','1');
곤지암IC	fnSelectNode('N352I110','곤지암IC','1');
공주IC	fnSelectNode('N030I090','공주IC','1');
공항입구IC	fnSelectNode('N130I020','공항입구IC','1');
광교상현IC	fnSelectNode('N171I020','광교상현IC','1');
광명IC	fnSelectNode('N110I080','광명IC','1');
광명역IC	fnSelectNode('N015I360','광명역IC','1');
광산IC	fnSelectNode('N025I150','광산IC','1');
광양IC	fnSelectNode('N010I010','광양IC','1');
광재IC	fnSelectNode('N600I030','광재IC','1');
광주(경안)IC	fnSelectNode('N352I120','광주(경안)IC','1');
광주TG	fnSelectNode('N025T160','광주TG','1');
광천IC	fnSelectNode('N015I200','광천IC','1');
괴산IC	fnSelectNode('N045I200','괴산IC','1');
구례화엄사IC	fnSelectNode('N027I030','구례화엄사IC','1');
구리TG	fnSelectNode('N100T270','구리TG','1');
구리남양주IC	fnSelectNode('N100I290','구리남양주IC','1');
구미IC	fnSelectNode('N001I180','구미IC','1');
구서IC	fnSelectNode('N001I010','구서IC','1');
구포종점	fnSelectNode('N010I280','구포종점','1');
군북IC	fnSelectNode('N010I150','군북IC','1');
군산IC	fnSelectNode('N015I140','군산IC','1');
군위IC	fnSelectNode('N055I080','군위IC','1');
군자TG	fnSelectNode('N050T030','군자TG','1');
군포IC	fnSelectNode('N050I070','군포IC','1');
금강IC	fnSelectNode('N001I245','금강IC','1');
금곡IC	fnSelectNode('N017I080','금곡IC','1');
금곡TG	fnSelectNode('N017T090','금곡TG','1');
금산IC	fnSelectNode('N351I160','금산IC','1');
금산IC	fnSelectNode('N130I025','금산IC','1');
금산사IC	fnSelectNode('N025I230','금산사IC','1');
금왕꽃동네IC	fnSelectNode('N040I090','금왕꽃동네IC','1');
금정IC	fnSelectNode('N600I050','금정IC','1');
금천IC	fnSelectNode('N015I370','금천IC','1');
금토TG	fnSelectNode('N171I070','금토TG','1');
기장철마IC	fnSelectNode('N600I060','기장철마IC','1');
기흥IC	fnSelectNode('N001I430','기흥IC','1');
기흥동탄IC	fnSelectNode('N001I420','기흥동탄IC','1');
김제IC	fnSelectNode('N025I240','김제IC','1');
김천IC	fnSelectNode('N001I210','김천IC','1');
김포IC	fnSelectNode('N100I020','김포IC','1');
김포TG	fnSelectNode('N100T030','김포TG','1');
김포공항IC	fnSelectNode('N130I050','김포공항IC','1');
김해가야Hi	fnSelectNode('N600I040','김해가야Hi','1');
김해공항IC	fnSelectNode('N055I010','김해공항IC','1');
김해부산TG	fnSelectNode('N55AT010','김해부산TG','1');
나주IC	fnSelectNode('N12AI050','나주IC','1');
낙동TG	fnSelectNode('N301T000','낙동TG','1');
남강릉IC	fnSelectNode('N065I030','남강릉IC','1');
남경주IC	fnSelectNode('N652I020','남경주IC','1');
남고창IC	fnSelectNode('N253I005','남고창IC','1');
남공주IC	fnSelectNode('N025I340','남공주IC','1');
남광명TG	fnSelectNode('N017T140','남광명TG','1');
남구미IC	fnSelectNode('N001I170','남구미IC','1');
남군포IC	fnSelectNode('N017I110','남군포IC','1');
남김천IC	fnSelectNode('N045I110','남김천IC','1');
남논산TG	fnSelectNode('N025T300','남논산TG','1');
남대구IC	fnSelectNode('N451I050','남대구IC','1');
남대전IC	fnSelectNode('N351I180','남대전IC','1');
남동IC	fnSelectNode('N110I040','남동IC','1');
남문대교	fnSelectNode('N105I040','남문대교','1');
남밀양IC	fnSelectNode('N55AI040','남밀양IC','1');
남삼척IC	fnSelectNode('N065I980','남삼척IC','1');
남상주IC	fnSelectNode('N30AI060','남상주IC','1');
남성주IC	fnSelectNode('N045I090','남성주IC','1');
남세종IC	fnSelectNode('N030I110','남세종IC','1');
남순천TG	fnSelectNode('N10AT065','남순천TG','1');
남안동IC	fnSelectNode('N055I100','남안동IC','1');
남안산IC	fnSelectNode('N153I030','남안산IC','1');
남안성IC	fnSelectNode('N040I060','남안성IC','1');
남양산IC	fnSelectNode('N551I020','남양산IC','1');
남양양IC	fnSelectNode('N065I070','남양양IC','1');
남양주IC	fnSelectNode('N100I280','남양주IC','1');
남양주TG	fnSelectNode('N060T010','남양주TG','1');
남양평하이패스IC	fnSelectNode('N045I275','남양평하이패스IC','1');
남여주IC	fnSelectNode('N045I255','남여주IC','1');
남원IC	fnSelectNode('N012I050','남원IC','1');
남원주IC	fnSelectNode('N055I200','남원주IC','1');
남이천IC	fnSelectNode('N352I080','남이천IC','1');
남인천TG	fnSelectNode('N110T060','남인천TG','1');
남제천IC	fnSelectNode('N055I170','남제천IC','1');
남지IC	fnSelectNode('N045I040','남지IC','1');
남진례IC	fnSelectNode('N105I010','남진례IC','1');
남천안IC	fnSelectNode('N025I370','남천안IC','1');
남청주IC	fnSelectNode('N001I300','남청주IC','1');
남춘천IC	fnSelectNode('N060I060','남춘천IC','1');
남포항IC	fnSelectNode('N652I040','남포항IC','1');
남포항TG	fnSelectNode('N652T035','남포항TG','1');
남풍세IC	fnSelectNode('N025I363','남풍세IC','1');
내장산IC	fnSelectNode('N025I200','내장산IC','1');
내촌IC	fnSelectNode('N060I090','내촌IC','1');
노포IC	fnSelectNode('N001I030','노포IC','1');
논산IC	fnSelectNode('N251I010','논산IC','1');
다부IC	fnSelectNode('N055I060','다부IC','1');
단성IC	fnSelectNode('N351I070','단성IC','1');
단양IC	fnSelectNode('N055I150','단양IC','1');
달성IC	fnSelectNode('N451I020','달성IC','1');
담양IC	fnSelectNode('N012I020','담양IC','1');
당진IC	fnSelectNode('N015I250','당진IC','1');
대관령IC	fnSelectNode('N050I300','대관령IC','1');
대동TG	fnSelectNode('N055T020','대동TG','1');
대소IC	fnSelectNode('N352I060','대소IC','1');
대신IC	fnSelectNode('N052I030','대신IC','1');
대왕판교IC	fnSelectNode('N001I480','대왕판교IC','1');
대전IC	fnSelectNode('N001I270','대전IC','1');
대천IC	fnSelectNode('N015I190','대천IC','1');
대청IC	fnSelectNode('N105I020','대청IC','1');
덕소삼패IC	fnSelectNode('N060I005','덕소삼패IC','1');
덕유산IC	fnSelectNode('N351I140','덕유산IC','1');
덕평IC	fnSelectNode('N050I160','덕평IC','1');
도개IC	fnSelectNode('N301I010','도개IC','1');
도롱IC	fnSelectNode('N10AI080','도롱IC','1');
도화IC	fnSelectNode('N120I010','도화IC','1');
동경주IC	fnSelectNode('N652I030','동경주IC','1');
동고령IC	fnSelectNode('N012I140','동고령IC','1');
동고성IC	fnSelectNode('N351I020','동고성IC','1');
동곤지암IC	fnSelectNode('N052I010','동곤지암IC','1');
동광산TG	fnSelectNode('N12AT070','동광산TG','1');
동광양IC	fnSelectNode('N010I020','동광양IC','1');
동광주IC	fnSelectNode('N025I110','동광주IC','1');
동광주TG	fnSelectNode('N025T100','동광주TG','1');
동군산IC	fnSelectNode('N015I130','동군산IC','1');
동군위IC	fnSelectNode('N301I030','동군위IC','1');
동군포IC	fnSelectNode('N050I080','동군포IC','1');
동김천IC	fnSelectNode('N001I200','동김천IC','1');
동김해IC	fnSelectNode('N010I260','동김해IC','1');
동남원IC	fnSelectNode('N012I060','동남원IC','1');
동대구IC	fnSelectNode('N55AI080','동대구IC','1');
동둔내하이패스IC	fnSelectNode('N050I255','동둔내하이패스IC','1');
동림IC	fnSelectNode('N025I135','동림IC','1');
동마산IC	fnSelectNode('N102I030','동마산IC','1');
동부산IC	fnSelectNode('N650I001','동부산IC','1');
동산TG	fnSelectNode('N060T065','동산TG','1');
동상주IC	fnSelectNode('N30AI070','동상주IC','1');
동서울TG	fnSelectNode('N352T140','동서울TG','1');
동서천IC	fnSelectNode('N151I000','동서천IC','1');
동수원IC	fnSelectNode('N050I110','동수원IC','1');
동순천IC	fnSelectNode('N027I000','동순천IC','1');
동안동IC	fnSelectNode('N30AI100','동안동IC','1');
동안산(당수)IC	fnSelectNode('N017I100','동안산(당수)IC','1');
동양평IC	fnSelectNode('N052I050','동양평IC','1');
동여주IC	fnSelectNode('N052I040','동여주IC','1');
동영천IC	fnSelectNode('N301I050','동영천IC','1');
동전주IC	fnSelectNode('N027I100','동전주IC','1');
동창원IC	fnSelectNode('N010I220','동창원IC','1');
동청송영양IC	fnSelectNode('N30AI120','동청송영양IC','1');
동충주IC	fnSelectNode('N040I130','동충주IC','1');
동판교IC	fnSelectNode('N11AI140','동판교IC','1');
동함평IC	fnSelectNode('N12AI030','동함평IC','1');
동해IC	fnSelectNode('N065I000','동해IC','1');
동홍천IC	fnSelectNode('N060I080','동홍천IC','1');
둔내IC	fnSelectNode('N050I250','둔내IC','1');
마곡사IC	fnSelectNode('N030I060','마곡사IC','1');
마산TG	fnSelectNode('N102T040','마산TG','1');
마성IC	fnSelectNode('N050I130','마성IC','1');
망상IC	fnSelectNode('N065I010','망상IC','1');
매송IC	fnSelectNode('N015I310','매송IC','1');
면온IC	fnSelectNode('N050I260','면온IC','1');
면천IC	fnSelectNode('N030I010','면천IC','1');
목감IC	fnSelectNode('N015I350','목감IC','1');
목천IC	fnSelectNode('N001I340','목천IC','1');
목포IC	fnSelectNode('N015I000','목포IC','1');
목포TG	fnSelectNode('N015T020','목포TG','1');
무안IC	fnSelectNode('N015I030','무안IC','1');
무안공항IC	fnSelectNode('N12AI000','무안공항IC','1');
무주IC	fnSelectNode('N351I150','무주IC','1');
무창포IC	fnSelectNode('N015I180','무창포IC','1');
문경새재IC	fnSelectNode('N045I180','문경새재IC','1');
문막IC	fnSelectNode('N050I210','문막IC','1');
문산IC	fnSelectNode('N010I120','문산IC','1');
문수IC	fnSelectNode('N650I050','문수IC','1');
문의IC	fnSelectNode('N30AI010','문의IC','1');
문평IC	fnSelectNode('N12AI040','문평IC','1');
문학IC	fnSelectNode('N110I030','문학IC','1');
물금IC	fnSelectNode('N551I010','물금IC','1');
미사IC	fnSelectNode('N060I000','미사IC','1');
밀양IC	fnSelectNode('N55AI050','밀양IC','1');
반포IC	fnSelectNode('N001I510','반포IC','1');
발안IC	fnSelectNode('N015I290','발안IC','1');
백양사IC	fnSelectNode('N025I190','백양사IC','1');
벌교IC	fnSelectNode('N10AI050','벌교IC','1');
범서IC	fnSelectNode('N652I010','범서IC','1');
별내IC	fnSelectNode('N100I320','별내IC','1');
보성IC	fnSelectNode('N10AI040','보성IC','1');
보은IC	fnSelectNode('N30AI030','보은IC','1');
봉담IC	fnSelectNode('N017I070','봉담IC','1');
봉담TG	fnSelectNode('N017T065','봉담TG','1');
부곡IC	fnSelectNode('N050I090','부곡IC','1');
부산IC	fnSelectNode('N055I000','부산IC','1');
부산TG	fnSelectNode('N001T020','부산TG','1');
부산종점	fnSelectNode('N001I000','부산종점','1');
부안IC	fnSelectNode('N015I110','부안IC','1');
부여IC	fnSelectNode('N151I030','부여IC','1');
부천IC	fnSelectNode('N120I070','부천IC','1');
부평IC	fnSelectNode('N120I040','부평IC','1');
북강릉IC	fnSelectNode('N065I060','북강릉IC','1');
북광산IC	fnSelectNode('N025I155','북광산IC','1');
북광주IC	fnSelectNode('N253I030','북광주IC','1');
북남원IC	fnSelectNode('N027I060','북남원IC','1');
북단양IC	fnSelectNode('N055I160','북단양IC','1');
북대구IC	fnSelectNode('N001I140','북대구IC','1');
북대전(EXPO)IC	fnSelectNode('N251I060','북대전(EXPO)IC','1');
북무안IC	fnSelectNode('N12AI010','북무안IC','1');
북부산TG	fnSelectNode('N010T270','북부산TG','1');
북상주IC	fnSelectNode('N045I160','북상주IC','1');
북수원IC	fnSelectNode('N050I100','북수원IC','1');
북안IC	fnSelectNode('N301I070','북안IC','1');
북양양IC	fnSelectNode('N065I100','북양양IC','1');
북여주IC	fnSelectNode('N045I270','북여주IC','1');
북영천IC	fnSelectNode('N20AI030','북영천IC','1');
북오산IC	fnSelectNode('N400I010','북오산IC','1');
북원주IC	fnSelectNode('N055I220','북원주IC','1');
북의성IC	fnSelectNode('N30AI090','북의성IC','1');
북의왕IC	fnSelectNode('N11AI120','북의왕IC','1');
북인천IC	fnSelectNode('N130I030','북인천IC','1');
북진천IC	fnSelectNode('N040I070','북진천IC','1');
북창원IC	fnSelectNode('N010I200','북창원IC','1');
북천안IC	fnSelectNode('N001I370','북천안IC','1');
북청계IC	fnSelectNode('N11AI130','북청계IC','1');
북충주IC	fnSelectNode('N045I220','북충주IC','1');
북통영IC	fnSelectNode('N351I010','북통영IC','1');
북평택TG	fnSelectNode('N017T030','북평택TG','1');
북현풍하이패스IC	fnSelectNode('N040I015','북현풍하이패스IC','1');
불암산TG	fnSelectNode('N100T310','불암산TG','1');
비봉IC	fnSelectNode('N015I300','비봉IC','1');
사천IC	fnSelectNode('N010I090','사천IC','1');
산본IC	fnSelectNode('N100I140','산본IC','1');
산월IC	fnSelectNode('N025I140','산월IC','1');
산인TG	fnSelectNode('N102T010','산인TG','1');
산청IC	fnSelectNode('N351I080','산청IC','1');
삼랑진IC	fnSelectNode('N55AI030','삼랑진IC','1');
삼례IC	fnSelectNode('N025I270','삼례IC','1');
삼막IC	fnSelectNode('N11AI110','삼막IC','1');
삼성하이패스IC	fnSelectNode('N352I065','삼성하이패스IC','1');
삼척IC	fnSelectNode('N065I990','삼척IC','1');
상관IC	fnSelectNode('N027I090','상관IC','1');
상동IC	fnSelectNode('N55AI020','상동IC','1');
상일IC	fnSelectNode('N100I240','상일IC','1');
상주IC	fnSelectNode('N045I150','상주IC','1');
새말IC	fnSelectNode('N050I240','새말IC','1');
생초IC	fnSelectNode('N351I090','생초IC','1');
서공주IC	fnSelectNode('N151I050','서공주IC','1');
서광산IC	fnSelectNode('N12AI060','서광산IC','1');
서광주IC	fnSelectNode('N025I130','서광주IC','1');
서군위IC	fnSelectNode('N301I020','서군위IC','1');
서김제IC	fnSelectNode('N015I120','서김제IC','1');
서김해IC	fnSelectNode('N010I250','서김해IC','1');
서남원IC	fnSelectNode('N027I040','서남원IC','1');
서논산IC	fnSelectNode('N025I320','서논산IC','1');
서대구IC	fnSelectNode('N451I065','서대구IC','1');
서대구TG	fnSelectNode('N451T070','서대구TG','1');
서대전IC	fnSelectNode('N300I010','서대전IC','1');
서마산IC	fnSelectNode('N102I020','서마산IC','1');
서부산IC	fnSelectNode('N104I040','서부산IC','1');
서부산TG	fnSelectNode('N104T030','서부산TG','1');
서부산종점	fnSelectNode('N104I050','서부산종점','1');
서부여IC	fnSelectNode('N151I020','서부여IC','1');
서분당IC	fnSelectNode('N171I050','서분당IC','1');
서산IC	fnSelectNode('N015I230','서산IC','1');
서상IC	fnSelectNode('N351I120','서상IC','1');
서서울TG	fnSelectNode('N015T340','서서울TG','1');
서세종IC	fnSelectNode('N030I100','서세종IC','1');
서수지IC	fnSelectNode('N171I030','서수지IC','1');
서수지TG	fnSelectNode('N171I040','서수지TG','1');
서순천IC	fnSelectNode('N025I010','서순천IC','1');
서시흥TG	fnSelectNode('N153T040','서시흥TG','1');
서안동IC	fnSelectNode('N055I110','서안동IC','1');
서안산IC	fnSelectNode('N050I040','서안산IC','1');
서안성IC	fnSelectNode('N040I050','서안성IC','1');
서양양IC	fnSelectNode('N060I110','서양양IC','1');
서여주IC	fnSelectNode('N045I260','서여주IC','1');
서영암IC	fnSelectNode('N10AI000','서영암IC','1');
서오산TG	fnSelectNode('N171T020','서오산TG','1');
서오창IC	fnSelectNode('N032I070','서오창IC','1');
서울TG	fnSelectNode('N001T460','서울TG','1');
서울산IC	fnSelectNode('N001I060','서울산IC','1');
서원주IC	fnSelectNode('N052I060','서원주IC','1');
서의성IC	fnSelectNode('N30AI080','서의성IC','1');
서이천IC	fnSelectNode('N352I100','서이천IC','1');
서인천IC	fnSelectNode('N120I030','서인천IC','1');
서전주IC	fnSelectNode('N025I250','서전주IC','1');
서종IC	fnSelectNode('N060I030','서종IC','1');
서진주IC	fnSelectNode('N351I060','서진주IC','1');
서천IC	fnSelectNode('N015I160','서천IC','1');
서청주IC	fnSelectNode('N352I010','서청주IC','1');
서초IC	fnSelectNode('N001I500','서초IC','1');
서충주IC	fnSelectNode('N040I110','서충주IC','1');
서판교IC	fnSelectNode('N171I060','서판교IC','1');
서평택IC	fnSelectNode('N015I270','서평택IC','1');
서포항IC	fnSelectNode('N20AI040','서포항IC','1');
서하남IC	fnSelectNode('N100I220','서하남IC','1');
서호학산IC	fnSelectNode('N10AI010','서호학산IC','1');
석곡IC	fnSelectNode('N025I040','석곡IC','1');
석수IC	fnSelectNode('N110I100','석수IC','1');
선산IC	fnSelectNode('N045I130','선산IC','1');
선운산IC	fnSelectNode('N015I090','선운산IC','1');
설악IC	fnSelectNode('N060I040','설악IC','1');
성남IC	fnSelectNode('N100I190','성남IC','1');
성남TG	fnSelectNode('N100T200','성남TG','1');
성서IC	fnSelectNode('N451I060','성서IC','1');
성주IC	fnSelectNode('N045I100','성주IC','1');
소양IC	fnSelectNode('N020I030','소양IC','1');
소하IC	fnSelectNode('N017I150','소하IC','1');
속리산IC	fnSelectNode('N30AI040','속리산IC','1');
속사IC	fnSelectNode('N050I280','속사IC','1');
속초IC	fnSelectNode('N065I110','속초IC','1');
송광사IC	fnSelectNode('N025I030','송광사IC','1');
송내IC	fnSelectNode('N100I080','송내IC','1');
송도IC	fnSelectNode('N110I025','송도IC','1');
송산마도IC	fnSelectNode('N153I020','송산마도IC','1');
송악IC	fnSelectNode('N015I260','송악IC','1');
송추IC	fnSelectNode('N100I340','송추IC','1');
송탄IC	fnSelectNode('N040I030','송탄IC','1');
송파IC	fnSelectNode('N100I210','송파IC','1');
수성IC	fnSelectNode('N55AI070','수성IC','1');
수원신갈IC	fnSelectNode('N001I440','수원신갈IC','1');
순창IC	fnSelectNode('N012I030','순창IC','1');
순천IC	fnSelectNode('N025I005','순천IC','1');
순천만IC	fnSelectNode('N10AI070','순천만IC','1');
승주IC	fnSelectNode('N025I020','승주IC','1');
시흥IC	fnSelectNode('N100I100','시흥IC','1');
시흥TG	fnSelectNode('N100T110','시흥TG','1');
신공항TG	fnSelectNode('N130T040','신공항TG','1');
신녕IC	fnSelectNode('N301I040','신녕IC','1');
신림IC	fnSelectNode('N055I190','신림IC','1');
신불IC	fnSelectNode('N130I000','신불IC','1');
신양IC	fnSelectNode('N030I040','신양IC','1');
신월IC	fnSelectNode('N120I080','신월IC','1');
신천IC	fnSelectNode('N110I070','신천IC','1');
신탄진IC	fnSelectNode('N001I290','신탄진IC','1');
안녕IC	fnSelectNode('N171I010','안녕IC','1');
안산IC	fnSelectNode('N050I050','안산IC','1');
안성IC	fnSelectNode('N001I380','안성IC','1');
안영IC	fnSelectNode('N300I020','안영IC','1');
양산IC	fnSelectNode('N001I040','양산IC','1');
양양IC	fnSelectNode('N065I090','양양IC','1');
양재IC	fnSelectNode('N001I490','양재IC','1');
양주TG	fnSelectNode('N100T350','양주TG','1');
양지IC	fnSelectNode('N050I150','양지IC','1');
양촌하이패스IC	fnSelectNode('N251I015','양촌하이패스IC','1');
양평IC	fnSelectNode('N045I280','양평IC','1');
어연IC	fnSelectNode('N017I020','어연IC','1');
여수대로IC	fnSelectNode('N11AI150','여수대로IC','1');
여주IC	fnSelectNode('N050I200','여주IC','1');
연무IC	fnSelectNode('N025I310','연무IC','1');
연풍IC	fnSelectNode('N045I190','연풍IC','1');
연화산IC	fnSelectNode('N351I040','연화산IC','1');
영광IC	fnSelectNode('N015I060','영광IC','1');
영덕IC	fnSelectNode('N30AI130','영덕IC','1');
영동IC	fnSelectNode('N001I240','영동IC','1');
영락IC	fnSelectNode('N001I015','영락IC','1');
영산IC	fnSelectNode('N045I050','영산IC','1');
영종IC	fnSelectNode('N110I000','영종IC','1');
영주IC	fnSelectNode('N055I130','영주IC','1');
영천IC	fnSelectNode('N001I100','영천IC','1');
영천TG	fnSelectNode('N301T060','영천TG','1');
예산수덕사IC	fnSelectNode('N030I030','예산수덕사IC','1');
예천IC	fnSelectNode('N055I120','예천IC','1');
오산IC	fnSelectNode('N001I400','오산IC','1');
오성IC	fnSelectNode('N017I000','오성IC','1');
오수IC	fnSelectNode('N027I070','오수IC','1');
오창IC	fnSelectNode('N352I020','오창IC','1');
옥계IC	fnSelectNode('N065I020','옥계IC','1');
옥곡IC	fnSelectNode('N010I030','옥곡IC','1');
옥과IC	fnSelectNode('N025I060','옥과IC','1');
옥련IC	fnSelectNode('N110I027','옥련IC','1');
옥산하이패스IC	fnSelectNode('N001I335','옥산하이패스IC','1');
옥천IC	fnSelectNode('N001I250','옥천IC','1');
온양IC	fnSelectNode('N650I030','온양IC','1');
완주IC	fnSelectNode('N020I010','완주IC','1');
왜관IC	fnSelectNode('N001I160','왜관IC','1');
용봉IC	fnSelectNode('N025I120','용봉IC','1');
용인IC	fnSelectNode('N050I140','용인IC','1');
운수IC	fnSelectNode('N12AI070','운수IC','1');
울산TG	fnSelectNode('N016T020','울산TG','1');
울산종점	fnSelectNode('N016I030','울산종점','1');
원주IC	fnSelectNode('N050I230','원주IC','1');
유구IC	fnSelectNode('N030I050','유구IC','1');
유성IC	fnSelectNode('N251I040','유성IC','1');
유천하이패스IC	fnSelectNode('N451I045','유천하이패스IC','1');
음성IC	fnSelectNode('N040I100','음성IC','1');
의성IC	fnSelectNode('N055I090','의성IC','1');
의정부IC	fnSelectNode('N100I330','의정부IC','1');
이천IC	fnSelectNode('N050I180','이천IC','1');
익산IC	fnSelectNode('N025I290','익산IC','1');
인제IC	fnSelectNode('N060I100','인제IC','1');
인천TG	fnSelectNode('N120T050','인천TG','1');
인천대교TG	fnSelectNode('N110T010','인천대교TG','1');
인천시점	fnSelectNode('N120I000','인천시점','1');
일로IC	fnSelectNode('N015I010','일로IC','1');
일산IC	fnSelectNode('N100I000','일산IC','1');
일죽IC	fnSelectNode('N352I070','일죽IC','1');
임고하이패스IC	fnSelectNode('N20AI035','임고하이패스IC','1');
임실IC	fnSelectNode('N027I080','임실IC','1');
잠원IC	fnSelectNode('N001I520','잠원IC','1');
장검IC	fnSelectNode('N016I025','장검IC','1');
장성IC	fnSelectNode('N025I170','장성IC','1');
장성물류IC	fnSelectNode('N253I010','장성물류IC','1');
장수IC	fnSelectNode('N020I050','장수IC','1');
장수IC	fnSelectNode('N100I090','장수IC','1');
장안IC	fnSelectNode('N650I020','장안IC','1');
장안본선TG	fnSelectNode('N153T005','장안본선TG','1');
장유IC	fnSelectNode('N104I010','장유IC','1');
장지IC	fnSelectNode('N010I160','장지IC','1');
장흥IC	fnSelectNode('N10AI030','장흥IC','1');
전주IC	fnSelectNode('N025I260','전주IC','1');
점촌함창IC	fnSelectNode('N045I170','점촌함창IC','1');
정남IC	fnSelectNode('N017I060','정남IC','1');
정안IC	fnSelectNode('N025I360','정안IC','1');
정읍IC	fnSelectNode('N025I210','정읍IC','1');
제천IC	fnSelectNode('N055I180','제천IC','1');
조암IC	fnSelectNode('N153I010','조암IC','1');
조양IC	fnSelectNode('N060I070','조양IC','1');
줄포IC	fnSelectNode('N015I100','줄포IC','1');
중동IC	fnSelectNode('N100I070','중동IC','1');
증평IC	fnSelectNode('N352I030','증평IC','1');
지곡IC	fnSelectNode('N351I110','지곡IC','1');
지리산IC	fnSelectNode('N012I070','지리산IC','1');
지수IC	fnSelectNode('N010I140','지수IC','1');
진교IC	fnSelectNode('N010I060','진교IC','1');
진례IC	fnSelectNode('N010I230','진례IC','1');
진부IC	fnSelectNode('N050I290','진부IC','1');
진성IC	fnSelectNode('N010I130','진성IC','1');
진안IC	fnSelectNode('N020I040','진안IC','1');
진영IC	fnSelectNode('N600I010','진영IC','1');
진월IC	fnSelectNode('N010I040','진월IC','1');
진주IC	fnSelectNode('N010I110','진주IC','1');
진천IC	fnSelectNode('N352I040','진천IC','1');
진해IC	fnSelectNode('N105I030','진해IC','1');
창녕IC	fnSelectNode('N045I060','창녕IC','1');
창평IC	fnSelectNode('N025I080','창평IC','1');
천안IC	fnSelectNode('N001I360','천안IC','1');
청계TG	fnSelectNode('N100T170','청계TG','1');
청도IC	fnSelectNode('N55AI060','청도IC','1');
청량IC	fnSelectNode('N650I040','청량IC','1');
청북IC	fnSelectNode('N040I010','청북IC','1');
청송IC	fnSelectNode('N30AI110','청송IC','1');
청양IC	fnSelectNode('N151I040','청양IC','1');
청주IC	fnSelectNode('N001I330','청주IC','1');
청통와촌IC	fnSelectNode('N20AI020','청통와촌IC','1');
초정IC	fnSelectNode('N055I020','초정IC','1');
추부IC	fnSelectNode('N351I170','추부IC','1');
추풍령IC	fnSelectNode('N001I220','추풍령IC','1');
축동IC	fnSelectNode('N010I080','축동IC','1');
춘장대IC	fnSelectNode('N015I170','춘장대IC','1');
춘천IC	fnSelectNode('N055I260','춘천IC','1');
춘천TG	fnSelectNode('N055T260','춘천TG','1');
충주IC	fnSelectNode('N045I210','충주IC','1');
칠곡IC	fnSelectNode('N055I050','칠곡IC','1');
칠곡물류IC	fnSelectNode('N001I155','칠곡물류IC','1');
칠서IC	fnSelectNode('N045I030','칠서IC','1');
칠원TG	fnSelectNode('N045T010','칠원TG','1');
탄천IC	fnSelectNode('N025I330','탄천IC','1');
태인IC	fnSelectNode('N025I220','태인IC','1');
토평IC	fnSelectNode('N100I260','토평IC','1');
통도사IC	fnSelectNode('N001I050','통도사IC','1');
통도사하이패스IC	fnSelectNode('N001I045','통도사하이패스IC','1');
통영IC	fnSelectNode('N351I000','통영IC','1');
통일로IC	fnSelectNode('N100I360','통일로IC','1');
퇴계원IC	fnSelectNode('N100I300','퇴계원IC','1');
판교IC	fnSelectNode('N001I470','판교IC','1');
판암IC	fnSelectNode('N351I190','판암IC','1');
팔공산IC	fnSelectNode('N20AI000','팔공산IC','1');
평창IC	fnSelectNode('N050I270','평창IC','1');
평촌IC	fnSelectNode('N100I150','평촌IC','1');
평택고덕IC	fnSelectNode('N040I020','평택고덕IC','1');
포항IC	fnSelectNode('N20AI060','포항IC','1');
포항TG	fnSelectNode('N20AT050','포항TG','1');
풍기IC	fnSelectNode('N055I140','풍기IC','1');
하남IC	fnSelectNode('N352I150','하남IC','1');
하동IC	fnSelectNode('N010I050','하동IC','1');
하조대IC	fnSelectNode('N065I080','하조대IC','1');
한림IC	fnSelectNode('N600I020','한림IC','1');
함안IC	fnSelectNode('N010I170','함안IC','1');
함양IC	fnSelectNode('N012I080','함양IC','1');
함평IC	fnSelectNode('N015I050','함평IC','1');
해룡IC	fnSelectNode('N10AI090','해룡IC','1');
해미IC	fnSelectNode('N015I220','해미IC','1');
해운대송정IC	fnSelectNode('N650I000','해운대송정IC','1');
해운대송정TG	fnSelectNode('N650T005','해운대송정TG','1');
해인사IC	fnSelectNode('N012I120','해인사IC','1');
향남IC	fnSelectNode('N017I040','향남IC','1');
헌릉IC	fnSelectNode('N171I100','헌릉IC','1');
현풍IC	fnSelectNode('N451I010','현풍IC','1');
호원IC	fnSelectNode('N100I335','호원IC','1');
홍성IC	fnSelectNode('N015I210','홍성IC','1');
홍천IC	fnSelectNode('N055I240','홍천IC','1');
화도IC	fnSelectNode('N060I020','화도IC','1');
화서IC	fnSelectNode('N30AI050','화서IC','1');
화원옥포IC	fnSelectNode('N451I040','화원옥포IC','1');
활천IC	fnSelectNode('N001I070','활천IC','1');
황간IC	fnSelectNode('N001I230','황간IC','1');
황전IC	fnSelectNode('N027I020','황전IC','1');
회인IC	fnSelectNode('N30AI020','회인IC','1');
횡성IC	fnSelectNode('N055I230','횡성IC','1');
흥덕IC	fnSelectNode('N171I000','흥덕IC','1');
흥천이포IC	fnSelectNode('N052I020','흥천이포IC','1');
